Train No,Train Name,SEQ,Station Code,Station Name,Station Zone,Arrival time,Departure Time,Distance,Source Station,Source Station Name,Source Zone,Destination Station,Destination Station Name,Destination Zone
58702,ABKP - SDL P,21,AAL,AMLAI,SECR,13:06:00,13:08:00,187,ABKP,AMBIKAPUR,SECR,SDL,SHAHDOL,SECR
68750,ABKP - SDL M,21,AAL,AMLAI,SECR,21:11:00,21:13:00,187,ABKP,AMBIKAPUR,SECR,SDL,SHAHDOL,SECR
58222,CHD - CHRM P,9,AAL,AMLAI,SECR,16:20:00,16:22:00,114,CHD,CHANDIA ROAD,SECR,CHRM,CHIRMIRI,SECR
58221,CHRM - CHD P,12,AAL,AMLAI,SECR,11:25:00,11:27:00,99,CHRM,CHIRMIRI,SECR,CHD,CHANDIA ROAD,SECR
58701,SDL - ABKP P,4,AAL,AMLAI,SECR,14:56:00,14:58:00,28,SDL,SHAHDOL,SECR,ABKP,AMBIKAPUR,SECR
68749,SDL - ABKP M,5,AAL,AMLAI,SECR,10:03:00,10:05:00,28,SDL,SHAHDOL,SECR,ABKP,AMBIKAPUR,SECR
18242,ABKP-DURG PA,1,ABKP,AMBIKAPUR,SECR,21:30:00,21:30:00,0,ABKP,AMBIKAPUR,SECR,DURG,DURG,SECR
58224,ABKP-APR PAS,1,ABKP,AMBIKAPUR,SECR,12:30:00,12:30:00,0,ABKP,AMBIKAPUR,SECR,APR,ANUPPUR JN.,SECR
58702,ABKP - SDL P,1,ABKP,AMBIKAPUR,SECR,08:25:00,08:25:00,0,ABKP,AMBIKAPUR,SECR,SDL,SHAHDOL,SECR
68750,ABKP - SDL M,1,ABKP,AMBIKAPUR,SECR,16:15:00,16:15:00,0,ABKP,AMBIKAPUR,SECR,SDL,SHAHDOL,SECR
18241,DURG-ABKP EX,32,ABKP,AMBIKAPUR,SECR,08:00:00,08:00:00,463,DURG,DURG,SECR,ABKP,AMBIKAPUR,SECR
58223,MDGR-ABKP PA,15,ABKP,AMBIKAPUR,SECR,12:00:00,12:00:00,143,MDGR,MANENDRAGARH,SECR,ABKP,AMBIKAPUR,SECR
58701,SDL - ABKP P,24,ABKP,AMBIKAPUR,SECR,20:10:00,20:10:00,215,SDL,SHAHDOL,SECR,ABKP,AMBIKAPUR,SECR
68749,SDL - ABKP M,25,ABKP,AMBIKAPUR,SECR,15:10:00,15:10:00,215,SDL,SHAHDOL,SECR,ABKP,AMBIKAPUR,SECR
58206,ITR-R PASSEN,19,AGN,AMGAON,SECR,10:36:00,10:38:00,148,ITR,ITWARI JN.,SECR,R,RAIPUR JN.,SECR
58205,R-ITR PASSEN,24,AGN,AMGAON,SECR,17:08:00,17:10:00,160,R,RAIPUR JN.,SECR,ITR,ITWARI JN.,SECR
6648,BSP-KRRBA PA,3,AKT,AKALTARA,SECR,16:34:00,16:36:00,26,BSP,BILASPUR JN.,SECR,KRBA,KORBA,SECR
68736,BSP-RIG MEMU,5,AKT,AKALTARA,SECR,21:18:00,21:20:00,26,BSP,BILASPUR JN.,SECR,RIG,RAIGARH,SECR
68738,BSP- RIG MEM,4,AKT,AKALTARA,SECR,11:06:00,11:08:00,26,BSP,BILASPUR JN.,SECR,RIG,RAIGARH,SECR
6647,KRBA-BSP PAS,6,AKT,AKALTARA,SECR,06:42:00,06:44:00,62,KRBA,KORBA,SECR,BSP,BILASPUR JN.,SECR
68735,RIG-BSP MEMU,14,AKT,AKALTARA,SECR,09:17:00,09:18:00,108,RIG,RAIGARH,SECR,BSP,BILASPUR JN.,SECR
68737,RIG-BSP MEMU,14,AKT,AKALTARA,SECR,17:11:00,17:13:00,108,RIG,RAIGARH,SECR,BSP,BILASPUR JN.,SECR
58812,ITR- RTK LOC,6,AMDI,AMDI,SECR,20:07:00,20:08:00,30,ITR,ITWARI JN.,SECR,RTK,RAMTEK,SECR
58814,ITR- RTK LOC,6,AMDI,AMDI,SECR,12:52:00,12:53:00,30,ITR,ITWARI JN.,SECR,RTK,RAMTEK,SECR
58809,RTK-ITR LOCA,2,AMDI,AMDI,SECR,07:40:00,07:41:00,7,RTK,RAMTEK,SECR,ITR,ITWARI JN.,SECR
58813,RTK-ITR LOCA,2,AMDI,AMDI,SECR,14:10:00,14:11:00,7,RTK,RAMTEK,SECR,ITR,ITWARI JN.,SECR
18242,ABKP-DURG PA,20,APR,ANUPPUR JN.,SECR,02:30:00,03:00:00,174,ABKP,AMBIKAPUR,SECR,DURG,DURG,SECR
58224,ABKP-APR PAS,20,APR,ANUPPUR JN.,SECR,17:00:00,17:00:00,174,ABKP,AMBIKAPUR,SECR,APR,ANUPPUR JN.,SECR
58702,ABKP - SDL P,20,APR,ANUPPUR JN.,SECR,12:50:00,12:55:00,174,ABKP,AMBIKAPUR,SECR,SDL,SHAHDOL,SECR
68750,ABKP - SDL M,20,APR,ANUPPUR JN.,SECR,20:55:00,21:00:00,174,ABKP,AMBIKAPUR,SECR,SDL,SHAHDOL,SECR
51756,APR-CHRM PAS,1,APR,ANUPPUR JN.,SECR,11:00:00,11:00:00,0,APR,ANUPPUR JN.,SECR,CHRM,CHIRMIRI,SECR
58227,APR - MDGR P,1,APR,ANUPPUR JN.,SECR,17:45:00,17:45:00,0,APR,ANUPPUR JN.,SECR,MDGR,MANENDRAGARH,SECR
58219,BSP - CHRM P,19,APR,ANUPPUR JN.,SECR,03:00:00,03:30:00,150,BSP,BILASPUR JN.,SECR,CHRM,CHIRMIRI,SECR
58222,CHD - CHRM P,10,APR,ANUPPUR JN.,SECR,16:40:00,16:45:00,126,CHD,CHANDIA ROAD,SECR,CHRM,CHIRMIRI,SECR
51755,CHRM-APR PAS,11,APR,ANUPPUR JN.,SECR,09:10:00,09:10:00,86,CHRM,CHIRMIRI,SECR,APR,ANUPPUR JN.,SECR
58220,CHRM - BSP P,11,APR,ANUPPUR JN.,SECR,23:35:00,23:55:00,86,CHRM,CHIRMIRI,SECR,BSP,BILASPUR JN.,SECR
58221,CHRM - CHD P,11,APR,ANUPPUR JN.,SECR,11:10:00,11:15:00,86,CHRM,CHIRMIRI,SECR,CHD,CHANDIA ROAD,SECR
18241,DURG-ABKP EX,13,APR,ANUPPUR JN.,SECR,02:45:00,03:05:00,289,DURG,DURG,SECR,ABKP,AMBIKAPUR,SECR
58701,SDL - ABKP P,5,APR,ANUPPUR JN.,SECR,15:20:00,15:25:00,41,SDL,SHAHDOL,SECR,ABKP,AMBIKAPUR,SECR
68749,SDL - ABKP M,6,APR,ANUPPUR JN.,SECR,10:25:00,10:30:00,41,SDL,SHAHDOL,SECR,ABKP,AMBIKAPUR,SECR
58719,ABHANPUR-RAJ,1,AVP,ABHANPUR JN.,SECR,08:30:00,08:30:00,0,AVP,ABHANPUR JN.,SECR,RIM,RAJIM,SECR
58721,ABHANPUR-RAJ,1,AVP,ABHANPUR JN.,SECR,20:15:00,20:15:00,0,AVP,ABHANPUR JN.,SECR,RIM,RAJIM,SECR
58712,DHAMTARI-KEN,7,AVP,ABHANPUR JN.,SECR,08:13:00,08:23:00,44,DTR,DHAMTARI,SECR,KDRI,KENDRI,SECR
58714,DHAMTARI-KEN,7,AVP,ABHANPUR JN.,SECR,13:58:00,14:08:00,44,DTR,DHAMTARI,SECR,KDRI,KENDRI,SECR
58716,DHAMTARI-KEN,7,AVP,ABHANPUR JN.,SECR,19:53:00,20:03:00,44,DTR,DHAMTARI,SECR,KDRI,KENDRI,SECR
58711,KENDRI-DHAMT,2,AVP,ABHANPUR JN.,SECR,08:02:00,08:15:00,5,KDRI,KENDRI,SECR,DTR,DHAMTARI,SECR
58713,KENDRI-DHAMT,2,AVP,ABHANPUR JN.,SECR,13:45:00,14:00:00,5,KDRI,KENDRI,SECR,DTR,DHAMTARI,SECR
58715,KENDRI-DHAMT,2,AVP,ABHANPUR JN.,SECR,19:40:00,19:55:00,5,KDRI,KENDRI,SECR,DTR,DHAMTARI,SECR
58717,KENDRI-RAJIM,2,AVP,ABHANPUR JN.,SECR,17:20:00,17:25:00,5,KDRI,KENDRI,SECR,RIM,RAJIM,SECR
58718,RAJIM-KENDRI,3,AVP,ABHANPUR JN.,SECR,10:16:00,10:21:00,16,RIM,RAJIM,SECR,KDRI,KENDRI,SECR
58720,RAJIM-ABHANP,3,AVP,ABHANPUR JN.,SECR,07:45:00,07:45:00,16,RIM,RAJIM,SECR,AVP,ABHANPUR JN.,SECR
58722,RAJIM-ABHANP,3,AVP,ABHANPUR JN.,SECR,19:25:00,19:25:00,16,RIM,RAJIM,SECR,AVP,ABHANPUR JN.,SECR
58808,WSA - CAF PA,8,AWH,ALEWAHI,SECR,08:24:00,08:26:00,55,WSA,WADSA,SECR,CAF,CHANDAFORT,SECR
68706,DGG-BSP MEMU,4,BAKL,BAKAL,SECR,12:01:00,12:02:00,20,DGG,DONGAR GARH,SECR,BSP,BILASPUR JN.,SECR
68710,DGG-R MEMU L,4,BAKL,BAKAL,SECR,06:01:00,06:02:00,20,DGG,DONGAR GARH,SECR,R,RAIPUR JN.,SECR
68730,DGG-R MEMU L,4,BAKL,BAKAL,SECR,04:21:00,04:22:00,20,DGG,DONGAR GARH,SECR,R,RAIPUR JN.,SECR
58206,ITR-R PASSEN,28,BAKL,BAKAL,SECR,14:19:00,14:21:00,220,ITR,ITWARI JN.,SECR,R,RAIPUR JN.,SECR
58205,R-ITR PASSEN,15,BAKL,BAKAL,SECR,15:28:00,15:29:00,89,R,RAIPUR JN.,SECR,ITR,ITWARI JN.,SECR
68705,R-DGG MEMU L,15,BAKL,BAKAL,SECR,10:08:00,10:09:00,89,R,RAIPUR JN.,SECR,DGG,DONGAR GARH,SECR
68709,R-DGG MEMU L,15,BAKL,BAKAL,SECR,19:01:00,19:02:00,89,R,RAIPUR JN.,SECR,DGG,DONGAR GARH,SECR
68721,R-DGG MEMU L,15,BAKL,BAKAL,SECR,21:03:00,21:04:00,89,R,RAIPUR JN.,SECR,DGG,DONGAR GARH,SECR
68729,R-DGG MEMU L,15,BAKL,BAKAL,SECR,23:28:00,23:29:00,89,R,RAIPUR JN.,SECR,DGG,DONGAR GARH,SECR
18242,ABKP-DURG PA,15,BATL,BAIHATOLA,SECR,01:17:00,01:18:00,133,ABKP,AMBIKAPUR,SECR,DURG,DURG,SECR
58224,ABKP-APR PAS,15,BATL,BAIHATOLA,SECR,15:45:00,15:47:00,133,ABKP,AMBIKAPUR,SECR,APR,ANUPPUR JN.,SECR
58702,ABKP - SDL P,15,BATL,BAIHATOLA,SECR,11:46:00,11:48:00,133,ABKP,AMBIKAPUR,SECR,SDL,SHAHDOL,SECR
68750,ABKP - SDL M,15,BATL,BAIHATOLA,SECR,19:21:00,19:22:00,133,ABKP,AMBIKAPUR,SECR,SDL,SHAHDOL,SECR
51756,APR-CHRM PAS,6,BATL,BAIHATOLA,SECR,11:50:00,11:52:00,41,APR,ANUPPUR JN.,SECR,CHRM,CHIRMIRI,SECR
58227,APR - MDGR P,6,BATL,BAIHATOLA,SECR,18:40:00,18:42:00,41,APR,ANUPPUR JN.,SECR,MDGR,MANENDRAGARH,SECR
58219,BSP - CHRM P,24,BATL,BAIHATOLA,SECR,04:23:00,04:25:00,192,BSP,BILASPUR JN.,SECR,CHRM,CHIRMIRI,SECR
58222,CHD - CHRM P,15,BATL,BAIHATOLA,SECR,17:32:00,17:34:00,168,CHD,CHANDIA ROAD,SECR,CHRM,CHIRMIRI,SECR
51755,CHRM-APR PAS,6,BATL,BAIHATOLA,SECR,08:00:00,08:02:00,45,CHRM,CHIRMIRI,SECR,APR,ANUPPUR JN.,SECR
58220,CHRM - BSP P,6,BATL,BAIHATOLA,SECR,22:46:00,22:47:00,45,CHRM,CHIRMIRI,SECR,BSP,BILASPUR JN.,SECR
58221,CHRM - CHD P,6,BATL,BAIHATOLA,SECR,10:11:00,10:12:00,45,CHRM,CHIRMIRI,SECR,CHD,CHANDIA ROAD,SECR
18241,DURG-ABKP EX,18,BATL,BAIHATOLA,SECR,04:03:00,04:04:00,331,DURG,DURG,SECR,ABKP,AMBIKAPUR,SECR
58701,SDL - ABKP P,10,BATL,BAIHATOLA,SECR,16:19:00,16:21:00,82,SDL,SHAHDOL,SECR,ABKP,AMBIKAPUR,SECR
68749,SDL - ABKP M,11,BATL,BAIHATOLA,SECR,11:20:00,11:22:00,82,SDL,SHAHDOL,SECR,ABKP,AMBIKAPUR,SECR
58222,CHD - CHRM P,6,BDWA,BHADWA PARA,SECR,15:25:00,15:27:00,77,CHD,CHANDIA ROAD,SECR,CHRM,CHIRMIRI,SECR
58221,CHRM - CHD P,15,BDWA,BHADWA PARA,SECR,12:16:00,12:18:00,135,CHRM,CHIRMIRI,SECR,CHD,CHANDIA ROAD,SECR
68736,BSP-RIG MEMU,15,BEF,BHUPADEOPUR,SECR,22:46:00,22:47:00,117,BSP,BILASPUR JN.,SECR,RIG,RAIGARH,SECR
68738,BSP- RIG MEM,13,BEF,BHUPADEOPUR,SECR,12:29:00,12:31:00,115,BSP,BILASPUR JN.,SECR,RIG,RAIGARH,SECR
68735,RIG-BSP MEMU,3,BEF,BHUPADEOPUR,SECR,07:43:00,07:44:00,17,RIG,RAIGARH,SECR,BSP,BILASPUR JN.,SECR
68737,RIG-BSP MEMU,3,BEF,BHUPADEOPUR,SECR,15:38:00,15:39:00,17,RIG,RAIGARH,SECR,BSP,BILASPUR JN.,SECR
58843,ITR-NAB PASS,13,BHRH,BHUYAR,SECR,09:16:00,09:17:00,84,ITRN,ITWARI JN.,SECR,NABN,NAGBHIR JN.,SECR
58845,ITR-NAB PASS,13,BHRH,BHUYAR,SECR,13:54:00,13:55:00,84,ITRN,ITWARI JN.,SECR,NABN,NAGBHIR JN.,SECR
58847,ITR-NAB PASS,13,BHRH,BHUYAR,SECR,21:18:00,21:19:00,84,ITRN,ITWARI JN.,SECR,NABN,NAGBHIR JN.,SECR
58877,ITR NAB PASS,13,BHRH,BHUYAR,SECR,17:19:00,17:20:00,84,ITRN,ITWARI JN.,SECR,NABN,NAGBHIR JN.,SECR
58844,NAB-ITR PASS,5,BHRH,BHUYAR,SECR,07:03:00,07:04:00,19,NABN,NAGBHIR JN.,SECR,ITRN,ITWARI JN.,SECR
58846,NAB-ITR PASS,5,BHRH,BHUYAR,SECR,13:18:00,13:19:00,19,NABN,NAGBHIR JN.,SECR,ITRN,ITWARI JN.,SECR
58848,NAB-ITR PASS,5,BHRH,BHUYAR,SECR,17:33:00,17:34:00,19,NABN,NAGBHIR JN.,SECR,ITRN,ITWARI JN.,SECR
58878,NAB ITR PASS,5,BHRH,BHUYAR,SECR,08:48:00,08:49:00,19,NABN,NAGBHIR JN.,SECR,ITRN,ITWARI JN.,SECR
58219,BSP - CHRM P,10,BHTK,BHANWAR TONK,SECR,00:34:00,00:36:00,78,BSP,BILASPUR JN.,SECR,CHRM,CHIRMIRI,SECR
68740,BSP-PND LOCA,10,BHTK,BHANWAR TONK,SECR,09:10:00,09:11:00,78,BSP,BILASPUR JN.,SECR,PND,PENDRA ROAD,SECR
58220,CHRM - BSP P,20,BHTK,BHANWAR TONK,SECR,01:51:00,01:53:00,158,CHRM,CHIRMIRI,SECR,BSP,BILASPUR JN.,SECR
68739,PND-BSP MEMU,4,BHTK,BHANWAR TONK,SECR,11:48:00,11:49:00,22,PND,PENDRA ROAD,SECR,BSP,BILASPUR JN.,SECR
68706,DGG-BSP MEMU,12,BIA,BHILAI,SECR,14:31:00,14:32:00,79,DGG,DONGAR GARH,SECR,BSP,BILASPUR JN.,SECR
68710,DGG-R MEMU L,12,BIA,BHILAI,SECR,07:11:00,07:12:00,79,DGG,DONGAR GARH,SECR,R,RAIPUR JN.,SECR
68730,DGG-R MEMU L,12,BIA,BHILAI,SECR,05:41:00,05:42:00,79,DGG,DONGAR GARH,SECR,R,RAIPUR JN.,SECR
78816,DRZ - R DEMU,13,BIA,BHILAI,SECR,08:21:00,08:22:00,106,DRZ,DALLI-RAJHARA,SECR,R,RAIPUR JN.,SECR
68702,DURG-R MEMU,4,BIA,BHILAI,SECR,06:41:00,06:42:00,18,DURG,DURG,SECR,R,RAIPUR JN.,SECR
68704,DURG-R MEMU,4,BIA,BHILAI,SECR,09:36:00,09:37:00,18,DURG,DURG,SECR,R,RAIPUR JN.,SECR
68708,DURG-R MEMU,4,BIA,BHILAI,SECR,17:17:00,17:18:00,11,DURG,DURG,SECR,R,RAIPUR JN.,SECR
68718,DURG-R MEMU,4,BIA,BHILAI,SECR,20:06:00,20:07:00,18,DURG,DURG,SECR,R,RAIPUR JN.,SECR
68726,DURG-R MEMU,4,BIA,BHILAI,SECR,22:21:00,22:22:00,18,DURG,DURG,SECR,R,RAIPUR JN.,SECR
58206,ITR-R PASSEN,36,BIA,BHILAI,SECR,16:37:00,16:39:00,278,ITR,ITWARI JN.,SECR,R,RAIPUR JN.,SECR
58205,R-ITR PASSEN,7,BIA,BHILAI,SECR,14:08:00,14:09:00,28,R,RAIPUR JN.,SECR,ITR,ITWARI JN.,SECR
68701,R-DURG MEMU,7,BIA,BHILAI,SECR,05:20:00,05:21:00,28,R,RAIPUR JN.,SECR,DURG,DURG,SECR
68703,R-DURG MEMU,7,BIA,BHILAI,SECR,08:04:00,08:05:00,28,R,RAIPUR JN.,SECR,DURG,DURG,SECR
68705,R-DGG MEMU L,7,BIA,BHILAI,SECR,09:00:00,09:01:00,28,R,RAIPUR JN.,SECR,DGG,DONGAR GARH,SECR
68707,R-DURG MEMU,7,BIA,BHILAI,SECR,13:10:00,13:11:00,28,R,RAIPUR JN.,SECR,DURG,DURG,SECR
68709,R-DGG MEMU L,7,BIA,BHILAI,SECR,17:50:00,17:51:00,28,R,RAIPUR JN.,SECR,DGG,DONGAR GARH,SECR
68717,R- DURG MEMU,7,BIA,BHILAI,SECR,18:55:00,18:56:00,28,R,RAIPUR JN.,SECR,DURG,DURG,SECR
68721,R-DGG MEMU L,7,BIA,BHILAI,SECR,19:48:00,19:49:00,28,R,RAIPUR JN.,SECR,DGG,DONGAR GARH,SECR
68725,R-DURG MEMU,7,BIA,BHILAI,SECR,21:25:00,21:26:00,28,R,RAIPUR JN.,SECR,DURG,DURG,SECR
68729,R-DGG MEMU L,7,BIA,BHILAI,SECR,22:21:00,22:22:00,28,R,RAIPUR JN.,SECR,DGG,DONGAR GARH,SECR
78815,R-DRZ-GUDM D,6,BIA,BHILAI,SECR,09:48:00,09:49:00,28,R,RAIPUR JN.,SECR,GUDM,GUDUM,SECR
58219,BSP - CHRM P,7,BIG,BELGAHNA,SECR,23:55:00,23:57:00,47,BSP,BILASPUR JN.,SECR,CHRM,CHIRMIRI,SECR
68740,BSP-PND LOCA,7,BIG,BELGAHNA,SECR,08:24:00,08:26:00,47,BSP,BILASPUR JN.,SECR,PND,PENDRA ROAD,SECR
58220,CHRM - BSP P,23,BIG,BELGAHNA,SECR,02:30:00,02:32:00,189,CHRM,CHIRMIRI,SECR,BSP,BILASPUR JN.,SECR
68739,PND-BSP MEMU,7,BIG,BELGAHNA,SECR,12:24:00,12:26:00,53,PND,PENDRA ROAD,SECR,BSP,BILASPUR JN.,SECR
6648,BSP-KRRBA PA,1,BSP,BILASPUR JN.,SECR,16:00:00,16:00:00,0,BSP,BILASPUR JN.,SECR,KRBA,KORBA,SECR
58201,BSP-R PASSEN,1,BSP,BILASPUR JN.,SECR,07:05:00,07:05:00,0,BSP,BILASPUR JN.,SECR,R,RAIPUR JN.,SECR
58219,BSP - CHRM P,1,BSP,BILASPUR JN.,SECR,23:00:00,23:00:00,0,BSP,BILASPUR JN.,SECR,CHRM,CHIRMIRI,SECR
68719,BSP-R MEMU L,1,BSP,BILASPUR JN.,SECR,16:45:00,16:45:00,0,BSP,BILASPUR JN.,SECR,R,RAIPUR JN.,SECR
68727,BSP-R MEMU L,1,BSP,BILASPUR JN.,SECR,19:05:00,19:05:00,0,BSP,BILASPUR JN.,SECR,R,RAIPUR JN.,SECR
68736,BSP-RIG MEMU,1,BSP,BILASPUR JN.,SECR,20:50:00,20:50:00,0,BSP,BILASPUR JN.,SECR,RIG,RAIGARH,SECR
68738,BSP- RIG MEM,1,BSP,BILASPUR JN.,SECR,10:40:00,10:40:00,0,BSP,BILASPUR JN.,SECR,RIG,RAIGARH,SECR
68740,BSP-PND LOCA,1,BSP,BILASPUR JN.,SECR,07:30:00,07:30:00,0,BSP,BILASPUR JN.,SECR,PND,PENDRA ROAD,SECR
58220,CHRM - BSP P,29,BSP,BILASPUR JN.,SECR,05:30:00,05:30:00,237,CHRM,CHIRMIRI,SECR,BSP,BILASPUR JN.,SECR
68706,DGG-BSP MEMU,33,BSP,BILASPUR JN.,SECR,18:15:00,18:15:00,214,DGG,DONGAR GARH,SECR,BSP,BILASPUR JN.,SECR
6647,KRBA-BSP PAS,8,BSP,BILASPUR JN.,SECR,07:40:00,07:40:00,89,KRBA,KORBA,SECR,BSP,BILASPUR JN.,SECR
68739,PND-BSP MEMU,13,BSP,BILASPUR JN.,SECR,13:55:00,00:00:00,100,PND,PENDRA ROAD,SECR,BSP,BILASPUR JN.,SECR
58202,R-BSP PASSEN,15,BSP,BILASPUR JN.,SECR,22:30:00,22:30:00,111,R,RAIPUR JN.,SECR,BSP,BILASPUR JN.,SECR
68728,R-BSP MEMU L,15,BSP,BILASPUR JN.,SECR,09:25:00,09:25:00,111,R,RAIPUR JN.,SECR,BSP,BILASPUR JN.,SECR
68735,RIG-BSP MEMU,18,BSP,BILASPUR JN.,SECR,10:00:00,10:00:00,135,RIG,RAIGARH,SECR,BSP,BILASPUR JN.,SECR
68737,RIG-BSP MEMU,18,BSP,BILASPUR JN.,SECR,18:20:00,18:20:00,135,RIG,RAIGARH,SECR,BSP,BILASPUR JN.,SECR
58808,WSA - CAF PA,14,CAF,CHANDAFORT,SECR,09:55:00,09:55:00,135,WSA,WADSA,SECR,CAF,CHANDAFORT,SECR
58222,CHD - CHRM P,1,CHD,CHANDIA ROAD,SECR,14:15:00,14:15:00,0,CHD,CHANDIA ROAD,SECR,CHRM,CHIRMIRI,SECR
58221,CHRM - CHD P,20,CHD,CHANDIA ROAD,SECR,13:55:00,13:55:00,214,CHRM,CHIRMIRI,SECR,CHD,CHANDIA ROAD,SECR
51756,APR-CHRM PAS,11,CHRM,CHIRMIRI,SECR,14:15:00,14:15:00,86,APR,ANUPPUR JN.,SECR,CHRM,CHIRMIRI,SECR
58219,BSP - CHRM P,29,CHRM,CHIRMIRI,SECR,07:50:00,07:50:00,237,BSP,BILASPUR JN.,SECR,CHRM,CHIRMIRI,SECR
58222,CHD - CHRM P,20,CHRM,CHIRMIRI,SECR,19:40:00,19:40:00,213,CHD,CHANDIA ROAD,SECR,CHRM,CHIRMIRI,SECR
51755,CHRM-APR PAS,1,CHRM,CHIRMIRI,SECR,06:15:00,06:15:00,0,CHRM,CHIRMIRI,SECR,APR,ANUPPUR JN.,SECR
58220,CHRM - BSP P,1,CHRM,CHIRMIRI,SECR,20:30:00,20:30:00,0,CHRM,CHIRMIRI,SECR,BSP,BILASPUR JN.,SECR
58221,CHRM - CHD P,1,CHRM,CHIRMIRI,SECR,08:30:00,08:30:00,0,CHRM,CHIRMIRI,SECR,CHD,CHANDIA ROAD,SECR
68706,DGG-BSP MEMU,1,DGG,DONGAR GARH,SECR,11:40:00,11:40:00,0,DGG,DONGAR GARH,SECR,BSP,BILASPUR JN.,SECR
68710,DGG-R MEMU L,1,DGG,DONGAR GARH,SECR,00:00:00,05:40:00,0,DGG,DONGAR GARH,SECR,R,RAIPUR JN.,SECR
68730,DGG-R MEMU L,1,DGG,DONGAR GARH,SECR,00:00:00,04:00:00,0,DGG,DONGAR GARH,SECR,R,RAIPUR JN.,SECR
58206,ITR-R PASSEN,25,DGG,DONGAR GARH,SECR,11:50:00,13:50:00,199,ITR,ITWARI JN.,SECR,R,RAIPUR JN.,SECR
58205,R-ITR PASSEN,18,DGG,DONGAR GARH,SECR,16:00:00,16:10:00,109,R,RAIPUR JN.,SECR,ITR,ITWARI JN.,SECR
68705,R-DGG MEMU L,18,DGG,DONGAR GARH,SECR,10:40:00,00:00:00,109,R,RAIPUR JN.,SECR,DGG,DONGAR GARH,SECR
68709,R-DGG MEMU L,18,DGG,DONGAR GARH,SECR,19:35:00,19:35:00,109,R,RAIPUR JN.,SECR,DGG,DONGAR GARH,SECR
68721,R-DGG MEMU L,18,DGG,DONGAR GARH,SECR,21:30:00,21:30:00,109,R,RAIPUR JN.,SECR,DGG,DONGAR GARH,SECR
68729,R-DGG MEMU L,18,DGG,DONGAR GARH,SECR,23:55:00,23:55:00,109,R,RAIPUR JN.,SECR,DGG,DONGAR GARH,SECR
78816,DRZ - R DEMU,1,DRZ,DALLI-RAJHAR,SECR,05:50:00,05:50:00,0,DRZ,DALLI-RAJHARA,SECR,R,RAIPUR JN.,SECR
78825,DRZ-DURG DMU,1,DRZ,DALLI-RAJHAR,SECR,18:10:00,18:10:00,0,DRZ,DALLI-RAJHARA,SECR,DURG,DURG,SECR
78826,DRZ-DURG,1,DRZ,DALLI-RAJHAR,SECR,07:00:00,07:00:00,0,DRZ,DALLI-RAJHARA,SECR,DURG,DURG,SECR
78817,DURG-DRZ DEM,10,DRZ,DALLI-RAJHAR,SECR,23:05:00,23:05:00,89,DURG,DURG,SECR,DRZ,DALLI-RAJHARA,SECR
78824,DURG-DRZ DEM,10,DRZ,DALLI-RAJHAR,SECR,18:00:00,18:00:00,89,DURG,DURG,SECR,DRZ,DALLI-RAJHARA,SECR
78827,DURG-DRZ,10,DRZ,DALLI-RAJHAR,SECR,11:10:00,11:10:00,89,DURG,DURG,SECR,DRZ,DALLI-RAJHARA,SECR
78818,GUDM-DRZ-DUR,2,DRZ,DALLI-RAJHAR,SECR,13:45:00,13:50:00,17,GUDM,GUDUM,SECR,DURG,DURG,SECR
78815,R-DRZ-GUDM D,18,DRZ,DALLI-RAJHAR,SECR,12:30:00,12:35:00,132,R,RAIPUR JN.,SECR,GUDM,GUDUM,SECR
58712,DHAMTARI-KEN,1,DTR,DHAMTARI,SECR,06:30:00,06:30:00,0,DTR,DHAMTARI,SECR,KDRI,KENDRI,SECR
58714,DHAMTARI-KEN,1,DTR,DHAMTARI,SECR,12:15:00,12:15:00,0,DTR,DHAMTARI,SECR,KDRI,KENDRI,SECR
58716,DHAMTARI-KEN,1,DTR,DHAMTARI,SECR,18:10:00,18:10:00,0,DTR,DHAMTARI,SECR,KDRI,KENDRI,SECR
58711,KENDRI-DHAMT,8,DTR,DHAMTARI,SECR,10:10:00,10:10:00,51,KDRI,KENDRI,SECR,DTR,DHAMTARI,SECR
58713,KENDRI-DHAMT,8,DTR,DHAMTARI,SECR,15:55:00,15:55:00,51,KDRI,KENDRI,SECR,DTR,DHAMTARI,SECR
58715,KENDRI-DHAMT,8,DTR,DHAMTARI,SECR,21:50:00,21:50:00,51,KDRI,KENDRI,SECR,DTR,DHAMTARI,SECR
18242,ABKP-DURG PA,32,DURG,DURG,SECR,09:10:00,09:10:00,471,ABKP,AMBIKAPUR,SECR,DURG,DURG,SECR
68706,DGG-BSP MEMU,9,DURG,DURG,SECR,13:00:00,14:15:00,60,DGG,DONGAR GARH,SECR,BSP,BILASPUR JN.,SECR
68710,DGG-R MEMU L,9,DURG,DURG,SECR,06:50:00,06:55:00,60,DGG,DONGAR GARH,SECR,R,RAIPUR JN.,SECR
68730,DGG-R MEMU L,9,DURG,DURG,SECR,05:20:00,05:25:00,60,DGG,DONGAR GARH,SECR,R,RAIPUR JN.,SECR
78816,DRZ - R DEMU,10,DURG,DURG,SECR,07:55:00,08:05:00,87,DRZ,DALLI-RAJHARA,SECR,R,RAIPUR JN.,SECR
78825,DRZ-DURG DMU,10,DURG,DURG,SECR,20:10:00,20:10:00,87,DRZ,DALLI-RAJHARA,SECR,DURG,DURG,SECR
78826,DRZ-DURG,10,DURG,DURG,SECR,09:00:00,09:00:00,87,DRZ,DALLI-RAJHARA,SECR,DURG,DURG,SECR
18241,DURG-ABKP EX,1,DURG,DURG,SECR,20:50:00,20:50:00,0,DURG,DURG,SECR,ABKP,AMBIKAPUR,SECR
68702,DURG-R MEMU,1,DURG,DURG,SECR,06:25:00,06:25:00,0,DURG,DURG,SECR,R,RAIPUR JN.,SECR
68704,DURG-R MEMU,1,DURG,DURG,SECR,09:20:00,09:20:00,0,DURG,DURG,SECR,R,RAIPUR JN.,SECR
68708,DURG-R MEMU,1,DURG,DURG,SECR,17:00:00,17:00:00,0,DURG,DURG,SECR,R,RAIPUR JN.,SECR
68718,DURG-R MEMU,1,DURG,DURG,SECR,19:50:00,19:50:00,0,DURG,DURG,SECR,R,RAIPUR JN.,SECR
68726,DURG-R MEMU,1,DURG,DURG,SECR,22:05:00,22:05:00,0,DURG,DURG,SECR,R,RAIPUR JN.,SECR
78817,DURG-DRZ DEM,1,DURG,DURG,SECR,21:00:00,21:00:00,0,DURG,DURG,SECR,DRZ,DALLI-RAJHARA,SECR
78824,DURG-DRZ DEM,1,DURG,DURG,SECR,16:00:00,16:00:00,0,DURG,DURG,SECR,DRZ,DALLI-RAJHARA,SECR
78827,DURG-DRZ,1,DURG,DURG,SECR,09:10:00,09:10:00,0,DURG,DURG,SECR,DRZ,DALLI-RAJHARA,SECR
78818,GUDM-DRZ-DUR,11,DURG,DURG,SECR,15:50:00,15:50:00,104,GUDM,GUDUM,SECR,DURG,DURG,SECR
58206,ITR-R PASSEN,33,DURG,DURG,SECR,16:15:00,16:20:00,260,ITR,ITWARI JN.,SECR,R,RAIPUR JN.,SECR
58205,R-ITR PASSEN,10,DURG,DURG,SECR,14:35:00,14:40:00,48,R,RAIPUR JN.,SECR,ITR,ITWARI JN.,SECR
68701,R-DURG MEMU,10,DURG,DURG,SECR,05:45:00,00:00:00,48,R,RAIPUR JN.,SECR,DURG,DURG,SECR
68703,R-DURG MEMU,10,DURG,DURG,SECR,08:30:00,08:30:00,48,R,RAIPUR JN.,SECR,DURG,DURG,SECR
68705,R-DGG MEMU L,10,DURG,DURG,SECR,09:25:00,09:30:00,48,R,RAIPUR JN.,SECR,DGG,DONGAR GARH,SECR
68707,R-DURG MEMU,10,DURG,DURG,SECR,13:35:00,13:35:00,48,R,RAIPUR JN.,SECR,DURG,DURG,SECR
68709,R-DGG MEMU L,10,DURG,DURG,SECR,18:20:00,18:25:00,48,R,RAIPUR JN.,SECR,DGG,DONGAR GARH,SECR
68717,R- DURG MEMU,10,DURG,DURG,SECR,19:20:00,19:20:00,48,R,RAIPUR JN.,SECR,DURG,DURG,SECR
68721,R-DGG MEMU L,10,DURG,DURG,SECR,20:20:00,20:25:00,48,R,RAIPUR JN.,SECR,DGG,DONGAR GARH,SECR
68725,R-DURG MEMU,10,DURG,DURG,SECR,21:50:00,21:50:00,48,R,RAIPUR JN.,SECR,DURG,DURG,SECR
68729,R-DGG MEMU L,10,DURG,DURG,SECR,22:45:00,22:50:00,48,R,RAIPUR JN.,SECR,DGG,DONGAR GARH,SECR
78815,R-DRZ-GUDM D,9,DURG,DURG,SECR,10:20:00,10:30:00,42,R,RAIPUR JN.,SECR,GUDM,GUDUM,SECR
58206,ITR-R PASSEN,17,G,GONDIA JN.,SER,10:10:00,10:15:00,126,ITR,ITWARI JN.,SECR,R,RAIPUR JN.,SECR
58205,R-ITR PASSEN,26,G,GONDIA JN.,SER,17:40:00,17:45:00,182,R,RAIPUR JN.,SECR,ITR,ITWARI JN.,SECR
78818,GUDM-DRZ-DUR,1,GUDM,GUDUM,SECR,13:15:00,13:15:00,0,GUDM,GUDUM,SECR,DURG,DURG,SECR
78815,R-DRZ-GUDM D,19,GUDM,GUDUM,SECR,13:05:00,13:05:00,149,R,RAIPUR JN.,SECR,GUDM,GUDUM,SECR
58206,ITR-R PASSEN,1,ITR,ITWARI JN.,SECR,07:30:00,07:30:00,0,ITR,ITWARI JN.,SECR,R,RAIPUR JN.,SECR
58812,ITR- RTK LOC,1,ITR,ITWARI JN.,SECR,19:10:00,19:10:00,0,ITR,ITWARI JN.,SECR,RTK,RAMTEK,SECR
58814,ITR- RTK LOC,1,ITR,ITWARI JN.,SECR,12:00:00,12:00:00,0,ITR,ITWARI JN.,SECR,RTK,RAMTEK,SECR
58815,ITR - TRDI L,1,ITR,ITWARI JN.,SECR,13:10:00,13:10:00,0,ITR,ITWARI JN.,SECR,TRDI,TIRODI,SECR
58205,R-ITR PASSEN,42,ITR,ITWARI JN.,SECR,21:05:00,21:05:00,310,R,RAIPUR JN.,SECR,ITR,ITWARI JN.,SECR
58809,RTK-ITR LOCA,7,ITR,ITWARI JN.,SECR,08:45:00,08:45:00,38,RTK,RAMTEK,SECR,ITR,ITWARI JN.,SECR
58813,RTK-ITR LOCA,7,ITR,ITWARI JN.,SECR,15:40:00,15:40:00,38,RTK,RAMTEK,SECR,ITR,ITWARI JN.,SECR
58816,TRDI - ITR L,20,ITR,ITWARI JN.,SECR,11:35:00,11:35:00,124,TRDI,TIRODI,SECR,ITR,ITWARI JN.,SECR
58843,ITR-NAB PASS,1,ITRN,ITWARI JN.,SECR,06:10:00,06:10:00,0,ITRN,ITWARI JN.,SECR,NABN,NAGBHIR JN.,SECR
58845,ITR-NAB PASS,1,ITRN,ITWARI JN.,SECR,10:40:00,10:40:00,0,ITRN,ITWARI JN.,SECR,NABN,NAGBHIR JN.,SECR
58847,ITR-NAB PASS,1,ITRN,ITWARI JN.,SECR,18:10:00,18:10:00,0,ITRN,ITWARI JN.,SECR,NABN,NAGBHIR JN.,SECR
58877,ITR NAB PASS,1,ITRN,ITWARI JN.,SECR,14:00:00,14:00:00,0,ITRN,ITWARI JN.,SECR,NABN,NAGBHIR JN.,SECR
58844,NAB-ITR PASS,17,ITRN,ITWARI JN.,SECR,10:30:00,10:30:00,104,NABN,NAGBHIR JN.,SECR,ITRN,ITWARI JN.,SECR
58846,NAB-ITR PASS,17,ITRN,ITWARI JN.,SECR,17:00:00,17:00:00,104,NABN,NAGBHIR JN.,SECR,ITRN,ITWARI JN.,SECR
58848,NAB-ITR PASS,17,ITRN,ITWARI JN.,SECR,21:00:00,21:00:00,104,NABN,NAGBHIR JN.,SECR,ITRN,ITWARI JN.,SECR
58878,NAB ITR PASS,17,ITRN,ITWARI JN.,SECR,13:15:00,13:15:00,104,NABN,NAGBHIR JN.,SECR,ITRN,ITWARI JN.,SECR
58712,DHAMTARI-KEN,8,KDRI,KENDRI,SECR,08:40:00,08:40:00,50,DTR,DHAMTARI,SECR,KDRI,KENDRI,SECR
58714,DHAMTARI-KEN,8,KDRI,KENDRI,SECR,14:25:00,14:25:00,50,DTR,DHAMTARI,SECR,KDRI,KENDRI,SECR
58716,DHAMTARI-KEN,8,KDRI,KENDRI,SECR,20:20:00,20:20:00,50,DTR,DHAMTARI,SECR,KDRI,KENDRI,SECR
58711,KENDRI-DHAMT,1,KDRI,KENDRI,SECR,07:50:00,07:50:00,0,KDRI,KENDRI,SECR,DTR,DHAMTARI,SECR
58713,KENDRI-DHAMT,1,KDRI,KENDRI,SECR,13:30:00,13:30:00,0,KDRI,KENDRI,SECR,DTR,DHAMTARI,SECR
58715,KENDRI-DHAMT,1,KDRI,KENDRI,SECR,19:25:00,19:25:00,0,KDRI,KENDRI,SECR,DTR,DHAMTARI,SECR
58717,KENDRI-RAJIM,1,KDRI,KENDRI,SECR,17:05:00,17:05:00,0,KDRI,KENDRI,SECR,RIM,RAJIM,SECR
58718,RAJIM-KENDRI,4,KDRI,KENDRI,SECR,10:45:00,10:45:00,22,RIM,RAJIM,SECR,KDRI,KENDRI,SECR
6648,BSP-KRRBA PA,8,KRBA,KORBA,SECR,18:30:00,18:30:00,89,BSP,BILASPUR JN.,SECR,KRBA,KORBA,SECR
6647,KRBA-BSP PAS,1,KRBA,KORBA,SECR,05:30:00,05:30:00,0,KRBA,KORBA,SECR,BSP,BILASPUR JN.,SECR
51756,APR-CHRM PAS,9,MDGR,MANENDRAGARH,SECR,12:55:00,13:15:00,64,APR,ANUPPUR JN.,SECR,CHRM,CHIRMIRI,SECR
58227,APR - MDGR P,9,MDGR,MANENDRAGARH,SECR,20:00:00,20:00:00,64,APR,ANUPPUR JN.,SECR,MDGR,MANENDRAGARH,SECR
58219,BSP - CHRM P,27,MDGR,MANENDRAGARH,SECR,06:25:00,06:35:00,215,BSP,BILASPUR JN.,SECR,CHRM,CHIRMIRI,SECR
58222,CHD - CHRM P,18,MDGR,MANENDRAGARH,SECR,18:35:00,18:40:00,191,CHD,CHANDIA ROAD,SECR,CHRM,CHIRMIRI,SECR
51755,CHRM-APR PAS,3,MDGR,MANENDRAGARH,SECR,07:00:00,07:10:00,22,CHRM,CHIRMIRI,SECR,APR,ANUPPUR JN.,SECR
58220,CHRM - BSP P,3,MDGR,MANENDRAGARH,SECR,21:15:00,21:40:00,22,CHRM,CHIRMIRI,SECR,BSP,BILASPUR JN.,SECR
58221,CHRM - CHD P,3,MDGR,MANENDRAGARH,SECR,09:15:00,09:20:00,22,CHRM,CHIRMIRI,SECR,CHD,CHANDIA ROAD,SECR
58223,MDGR-ABKP PA,1,MDGR,MANENDRAGARH,SECR,07:25:00,07:25:00,0,MDGR,MANENDRAGARH,SECR,ABKP,AMBIKAPUR,SECR
58843,ITR-NAB PASS,17,NABN,NAGBHIR JN.,SECR,10:50:00,10:50:00,104,ITRN,ITWARI JN.,SECR,NABN,NAGBHIR JN.,SECR
58845,ITR-NAB PASS,17,NABN,NAGBHIR JN.,SECR,15:10:00,15:10:00,104,ITRN,ITWARI JN.,SECR,NABN,NAGBHIR JN.,SECR
58847,ITR-NAB PASS,17,NABN,NAGBHIR JN.,SECR,22:35:00,22:35:00,104,ITRN,ITWARI JN.,SECR,NABN,NAGBHIR JN.,SECR
58877,ITR NAB PASS,17,NABN,NAGBHIR JN.,SECR,19:20:00,19:20:00,104,ITRN,ITWARI JN.,SECR,NABN,NAGBHIR JN.,SECR
58844,NAB-ITR PASS,1,NABN,NAGBHIR JN.,SECR,06:15:00,06:15:00,0,NABN,NAGBHIR JN.,SECR,ITRN,ITWARI JN.,SECR
58846,NAB-ITR PASS,1,NABN,NAGBHIR JN.,SECR,12:30:00,12:30:00,0,NABN,NAGBHIR JN.,SECR,ITRN,ITWARI JN.,SECR
58848,NAB-ITR PASS,1,NABN,NAGBHIR JN.,SECR,16:45:00,16:45:00,0,NABN,NAGBHIR JN.,SECR,ITRN,ITWARI JN.,SECR
58878,NAB ITR PASS,1,NABN,NAGBHIR JN.,SECR,08:00:00,08:00:00,0,NABN,NAGBHIR JN.,SECR,ITRN,ITWARI JN.,SECR
18242,ABKP-DURG PA,22,PND,PENDRA ROAD,SECR,03:45:00,03:50:00,224,ABKP,AMBIKAPUR,SECR,DURG,DURG,SECR
58219,BSP - CHRM P,13,PND,PENDRA ROAD,SECR,01:30:00,01:35:00,100,BSP,BILASPUR JN.,SECR,CHRM,CHIRMIRI,SECR
68740,BSP-PND LOCA,13,PND,PENDRA ROAD,SECR,10:25:00,10:25:00,100,BSP,BILASPUR JN.,SECR,PND,PENDRA ROAD,SECR
58220,CHRM - BSP P,17,PND,PENDRA ROAD,SECR,01:05:00,01:15:00,136,CHRM,CHIRMIRI,SECR,BSP,BILASPUR JN.,SECR
18241,DURG-ABKP EX,11,PND,PENDRA ROAD,SECR,01:45:00,01:47:00,239,DURG,DURG,SECR,ABKP,AMBIKAPUR,SECR
68739,PND-BSP MEMU,1,PND,PENDRA ROAD,SECR,00:00:00,11:15:00,0,PND,PENDRA ROAD,SECR,BSP,BILASPUR JN.,SECR
18242,ABKP-DURG PA,30,R,RAIPUR JN.,SECR,08:05:00,08:15:00,422,ABKP,AMBIKAPUR,SECR,DURG,DURG,SECR
58201,BSP-R PASSEN,15,R,RAIPUR JN.,SECR,09:45:00,09:45:00,112,BSP,BILASPUR JN.,SECR,R,RAIPUR JN.,SECR
68719,BSP-R MEMU L,15,R,RAIPUR JN.,SECR,19:05:00,19:05:00,112,BSP,BILASPUR JN.,SECR,R,RAIPUR JN.,SECR
68727,BSP-R MEMU L,15,R,RAIPUR JN.,SECR,21:30:00,21:30:00,112,BSP,BILASPUR JN.,SECR,R,RAIPUR JN.,SECR
68706,DGG-BSP MEMU,19,R,RAIPUR JN.,SECR,15:10:00,15:15:00,102,DGG,DONGAR GARH,SECR,BSP,BILASPUR JN.,SECR
68710,DGG-R MEMU L,19,R,RAIPUR JN.,SECR,07:55:00,00:00:00,102,DGG,DONGAR GARH,SECR,R,RAIPUR JN.,SECR
68730,DGG-R MEMU L,19,R,RAIPUR JN.,SECR,06:30:00,00:00:00,102,DGG,DONGAR GARH,SECR,R,RAIPUR JN.,SECR
78816,DRZ - R DEMU,18,R,RAIPUR JN.,SECR,09:05:00,09:05:00,129,DRZ,DALLI-RAJHARA,SECR,R,RAIPUR JN.,SECR
18241,DURG-ABKP EX,3,R,RAIPUR JN.,SECR,21:30:00,21:40:00,41,DURG,DURG,SECR,ABKP,AMBIKAPUR,SECR
68702,DURG-R MEMU,11,R,RAIPUR JN.,SECR,07:20:00,07:20:00,41,DURG,DURG,SECR,R,RAIPUR JN.,SECR
68704,DURG-R MEMU,11,R,RAIPUR JN.,SECR,10:20:00,10:20:00,41,DURG,DURG,SECR,R,RAIPUR JN.,SECR
68708,DURG-R MEMU,11,R,RAIPUR JN.,SECR,18:00:00,18:00:00,34,DURG,DURG,SECR,R,RAIPUR JN.,SECR
68718,DURG-R MEMU,7,R,RAIPUR JN.,SECR,20:40:00,20:40:00,41,DURG,DURG,SECR,R,RAIPUR JN.,SECR
68726,DURG-R MEMU,10,R,RAIPUR JN.,SECR,23:10:00,23:10:00,41,DURG,DURG,SECR,R,RAIPUR JN.,SECR
58206,ITR-R PASSEN,43,R,RAIPUR JN.,SECR,17:30:00,17:30:00,302,ITR,ITWARI JN.,SECR,R,RAIPUR JN.,SECR
58202,R-BSP PASSEN,1,R,RAIPUR JN.,SECR,19:25:00,19:25:00,0,R,RAIPUR JN.,SECR,BSP,BILASPUR JN.,SECR
58205,R-ITR PASSEN,1,R,RAIPUR JN.,SECR,13:30:00,13:30:00,0,R,RAIPUR JN.,SECR,ITR,ITWARI JN.,SECR
68701,R-DURG MEMU,1,R,RAIPUR JN.,SECR,00:00:00,04:50:00,0,R,RAIPUR JN.,SECR,DURG,DURG,SECR
68703,R-DURG MEMU,1,R,RAIPUR JN.,SECR,07:35:00,07:35:00,0,R,RAIPUR JN.,SECR,DURG,DURG,SECR
68705,R-DGG MEMU L,1,R,RAIPUR JN.,SECR,00:00:00,08:30:00,0,R,RAIPUR JN.,SECR,DGG,DONGAR GARH,SECR
68707,R-DURG MEMU,1,R,RAIPUR JN.,SECR,12:35:00,12:35:00,0,R,RAIPUR JN.,SECR,DURG,DURG,SECR
68709,R-DGG MEMU L,1,R,RAIPUR JN.,SECR,17:20:00,17:20:00,0,R,RAIPUR JN.,SECR,DGG,DONGAR GARH,SECR
68717,R- DURG MEMU,1,R,RAIPUR JN.,SECR,18:25:00,18:25:00,0,R,RAIPUR JN.,SECR,DURG,DURG,SECR
68721,R-DGG MEMU L,1,R,RAIPUR JN.,SECR,19:10:00,19:10:00,0,R,RAIPUR JN.,SECR,DGG,DONGAR GARH,SECR
68725,R-DURG MEMU,1,R,RAIPUR JN.,SECR,20:50:00,20:50:00,0,R,RAIPUR JN.,SECR,DURG,DURG,SECR
68728,R-BSP MEMU L,1,R,RAIPUR JN.,SECR,07:15:00,07:15:00,0,R,RAIPUR JN.,SECR,BSP,BILASPUR JN.,SECR
68729,R-DGG MEMU L,1,R,RAIPUR JN.,SECR,21:50:00,21:50:00,0,R,RAIPUR JN.,SECR,DGG,DONGAR GARH,SECR
78815,R-DRZ-GUDM D,1,R,RAIPUR JN.,SECR,09:20:00,09:20:00,0,R,RAIPUR JN.,SECR,GUDM,GUDUM,SECR
68736,BSP-RIG MEMU,17,RIG,RAIGARH,SECR,23:20:00,23:20:00,135,BSP,BILASPUR JN.,SECR,RIG,RAIGARH,SECR
68738,BSP- RIG MEM,15,RIG,RAIGARH,SECR,13:05:00,13:05:00,133,BSP,BILASPUR JN.,SECR,RIG,RAIGARH,SECR
68735,RIG-BSP MEMU,1,RIG,RAIGARH,SECR,07:30:00,07:30:00,0,RIG,RAIGARH,SECR,BSP,BILASPUR JN.,SECR
68737,RIG-BSP MEMU,1,RIG,RAIGARH,SECR,15:25:00,15:25:00,0,RIG,RAIGARH,SECR,BSP,BILASPUR JN.,SECR
58719,ABHANPUR-RAJ,3,RIM,RAJIM,SECR,09:20:00,09:20:00,17,AVP,ABHANPUR JN.,SECR,RIM,RAJIM,SECR
58721,ABHANPUR-RAJ,3,RIM,RAJIM,SECR,21:05:00,21:05:00,17,AVP,ABHANPUR JN.,SECR,RIM,RAJIM,SECR
58717,KENDRI-RAJIM,4,RIM,RAJIM,SECR,18:20:00,18:20:00,22,KDRI,KENDRI,SECR,RIM,RAJIM,SECR
58718,RAJIM-KENDRI,1,RIM,RAJIM,SECR,09:35:00,09:35:00,0,RIM,RAJIM,SECR,KDRI,KENDRI,SECR
58720,RAJIM-ABHANP,1,RIM,RAJIM,SECR,06:55:00,06:55:00,0,RIM,RAJIM,SECR,AVP,ABHANPUR JN.,SECR
58722,RAJIM-ABHANP,1,RIM,RAJIM,SECR,18:35:00,18:35:00,0,RIM,RAJIM,SECR,AVP,ABHANPUR JN.,SECR
58812,ITR- RTK LOC,7,RTK,RAMTEK,SECR,20:30:00,20:30:00,38,ITR,ITWARI JN.,SECR,RTK,RAMTEK,SECR
58814,ITR- RTK LOC,7,RTK,RAMTEK,SECR,13:15:00,13:15:00,38,ITR,ITWARI JN.,SECR,RTK,RAMTEK,SECR
58809,RTK-ITR LOCA,1,RTK,RAMTEK,SECR,07:30:00,07:30:00,0,RTK,RAMTEK,SECR,ITR,ITWARI JN.,SECR
58813,RTK-ITR LOCA,1,RTK,RAMTEK,SECR,14:00:00,14:00:00,0,RTK,RAMTEK,SECR,ITR,ITWARI JN.,SECR
58702,ABKP - SDL P,24,SDL,SHAHDOL,SECR,14:05:00,14:05:00,215,ABKP,AMBIKAPUR,SECR,SDL,SHAHDOL,SECR
68750,ABKP - SDL M,25,SDL,SHAHDOL,SECR,22:00:00,22:00:00,215,ABKP,AMBIKAPUR,SECR,SDL,SHAHDOL,SECR
58222,CHD - CHRM P,7,SDL,SHAHDOL,SECR,15:50:00,15:55:00,85,CHD,CHANDIA ROAD,SECR,CHRM,CHIRMIRI,SECR
58221,CHRM - CHD P,14,SDL,SHAHDOL,SECR,12:00:00,12:05:00,127,CHRM,CHIRMIRI,SECR,CHD,CHANDIA ROAD,SECR
58701,SDL - ABKP P,1,SDL,SHAHDOL,SECR,14:25:00,14:25:00,0,SDL,SHAHDOL,SECR,ABKP,AMBIKAPUR,SECR
68749,SDL - ABKP M,1,SDL,SHAHDOL,SECR,09:30:00,09:30:00,0,SDL,SHAHDOL,SECR,ABKP,AMBIKAPUR,SECR
58206,ITR-R PASSEN,12,TMR,TUMSAR RD,SECR,09:10:00,09:13:00,76,ITR,ITWARI JN.,SECR,R,RAIPUR JN.,SECR
58815,ITR - TRDI L,12,TMR,TUMSAR RD,SECR,15:25:00,15:30:00,76,ITR,ITWARI JN.,SECR,TRDI,TIRODI,SECR
58205,R-ITR PASSEN,31,TMR,TUMSAR RD,SECR,18:31:00,18:33:00,232,R,RAIPUR JN.,SECR,ITR,ITWARI JN.,SECR
58817,TMR-TRDI LOC,1,TMR,TUMSAR RD,SECR,05:45:00,05:45:00,0,TMR,TUMSAR RD,SECR,TRDI,TIRODI,SECR
78811,TMR-TRDI DEM,1,TMR,TUMSAR RD,SECR,00:00:00,04:15:00,0,TMR,TUMSAR RD,SECR,TRDI,TIRODI,SECR
78813,TMR-TRDI DEM,1,TMR,TUMSAR RD,SECR,10:35:00,10:35:00,0,TMR,TUMSAR RD,SECR,TRDI,TIRODI,SECR
58816,TRDI - ITR L,9,TMR,TUMSAR RD,SECR,09:25:00,09:30:00,46,TRDI,TIRODI,SECR,ITR,ITWARI JN.,SECR
58818,TRDI-TMR LOC,9,TMR,TUMSAR RD,SECR,18:55:00,18:55:00,46,TRDI,TIRODI,SECR,TMR,TUMSAR RD,SECR
78812,TRDI-TMR DEM,9,TMR,TUMSAR RD,SECR,07:15:00,07:15:00,46,TRDI,TIRODI,SECR,TMR,TUMSAR RD,SECR
78814,TRD-TMR DEMU,9,TMR,TUMSAR RD,SECR,13:35:00,00:00:00,46,TRDI,TIRODI,SECR,TMR,TUMSAR RD,SECR
58815,ITR - TRDI L,20,TRDI,TIRODI,SECR,17:10:00,17:10:00,123,ITR,ITWARI JN.,SECR,TRDI,TIRODI,SECR
58817,TMR-TRDI LOC,9,TRDI,TIRODI,SECR,07:20:00,07:20:00,47,TMR,TUMSAR RD,SECR,TRDI,TIRODI,SECR
78811,TMR-TRDI DEM,9,TRDI,TIRODI,SECR,05:35:00,00:00:00,47,TMR,TUMSAR RD,SECR,TRDI,TIRODI,SECR
78813,TMR-TRDI DEM,9,TRDI,TIRODI,SECR,11:55:00,11:55:00,47,TMR,TUMSAR RD,SECR,TRDI,TIRODI,SECR
58816,TRDI - ITR L,1,TRDI,TIRODI,SECR,08:05:00,08:05:00,0,TRDI,TIRODI,SECR,ITR,ITWARI JN.,SECR
58818,TRDI-TMR LOC,1,TRDI,TIRODI,SECR,17:35:00,17:35:00,0,TRDI,TIRODI,SECR,TMR,TUMSAR RD,SECR
78812,TRDI-TMR DEM,1,TRDI,TIRODI,SECR,05:55:00,05:55:00,0,TRDI,TIRODI,SECR,TMR,TUMSAR RD,SECR
78814,TRD-TMR DEMU,1,TRDI,TIRODI,SECR,00:00:00,12:15:00,0,TRDI,TIRODI,SECR,TMR,TUMSAR RD,SECR
58201,BSP-R PASSEN,13,URK,URKURA,SECR,09:16:00,09:17:00,107,BSP,BILASPUR JN.,SECR,R,RAIPUR JN.,SECR
68719,BSP-R MEMU L,13,URK,URKURA,SECR,18:32:00,18:33:00,107,BSP,BILASPUR JN.,SECR,R,RAIPUR JN.,SECR
68727,BSP-R MEMU L,13,URK,URKURA,SECR,20:58:00,20:59:00,107,BSP,BILASPUR JN.,SECR,R,RAIPUR JN.,SECR
68706,DGG-BSP MEMU,21,URK,URKURA,SECR,15:25:00,15:27:00,107,DGG,DONGAR GARH,SECR,BSP,BILASPUR JN.,SECR
58202,R-BSP PASSEN,3,URK,URKURA,SECR,19:36:00,19:38:00,5,R,RAIPUR JN.,SECR,BSP,BILASPUR JN.,SECR
68728,R-BSP MEMU L,3,URK,URKURA,SECR,07:25:00,07:27:00,5,R,RAIPUR JN.,SECR,BSP,BILASPUR JN.,SECR
58808,WSA - CAF PA,1,WSA,WADSA,SECR,07:20:00,07:20:00,0,WSA,WADSA,SECR,CAF,CHANDAFORT,SECR
